operation,record_count,plaintext_result,encrypted_result,decrypted_result,mse,rmse,accuracy_pct
mean,1000,80.528,CKKS_SIMD,80.52799999996232,1.4203240417161009e-21,3.7687186704715714e-11,100.0
variance,1000,305.98521600000004,CKKS_SIMD,305.98521600623644,3.889274944511329e-17,6.236405170056969e-09,100.0
mean,10000,80.0535,CKKS_SIMD,80.05349999999255,5.545018160946292e-23,7.44648787076585e-12,100.0
variance,10000,313.83883775000004,CKKS_SIMD,313.8388377511519,1.3268161073036857e-18,1.1518750397954136e-09,100.0
mean,100000,79.92984,CKKS_SIMD,79.9298399999997,8.905924075583135e-26,2.984279490192421e-13,100.0
variance,100000,309.4305375744,CKKS_SIMD,309.43053757443977,1.5832753912147795e-21,3.979039320256561e-11,100.0
