operation,record_count,plaintext_result,encrypted_result,decrypted_result,mse,rmse,accuracy_pct
mean,1000,80.528,CKKS_SIMD,80.52800000001238,1.5320632985543005e-22,1.2377654456940945e-11,100.0
variance,1000,305.98521600000004,CKKS_SIMD,305.98521599789456,4.4330470183095e-18,2.105480234604329e-09,100.0
mean,10000,80.0535,CKKS_SIMD,80.05350000001266,1.603229911802271e-22,1.2661871551244985e-11,100.0
variance,10000,313.83883775000004,CKKS_SIMD,313.83883774789865,4.4158294606543616e-18,2.1013875084463507e-09,100.0
mean,100000,79.92984,CKKS_SIMD,79.92984000001766,3.120201607042097e-22,1.766409241099609e-11,100.0
variance,100000,309.4305375744,CKKS_SIMD,309.43053757157395,7.986430933849802e-18,2.8260274120839313e-09,100.0
