num_records,aes_total_sec,aes_per_record_ms,aes_throughput,ckks_total_sec,ckks_per_result_ms,ckks_throughput
1000,0.029602999999951862,0.029602999999951862,33780.360098693585,0.0031652999996367726,0.0031652999996367726,315925.82065357245
5000,0.15846140000030573,0.03169228000006115,31553.425629145982,0.0035548000005292124,0.0007109600001058425,1406548.8914300767
