encrypt_seconds,compute_seconds,decrypt_seconds,total_seconds
0.009159800000816176,0.0031529999996564584,0.0030523000004905043,0.015365100000963139
