dataset,num_records,plaintext_kb,pure_ckks_mb,hybrid_mb,aes_expansion,ckks_expansion,pure_ckks_expansion,hybrid_expansion,storage_savings_pct
1K,1000,40.15234375,4019.8020935058594,1005.2766799926758,1.14,43906.958333333336,13009.469135802468,3253.4228395061727,74.99188625189439
10K,10000,420.138671875,40176.239013671875,10047.321319580078,1.14,43883.166666666664,13002.41975308642,3251.6604938271603,74.99188185295044
100K,100000,4395.26171875,402037.8112792969,100542.06848144531,1.14,43913.25,13011.333333333334,3253.8888888888887,74.99188741439087
